model,mae,rmse,r2
LinearRegression,45.63397535135765,182.04199328173232,0.31650610787953815
RandomForestRegressor,12.108243036518259,194.7820734728868,0.21749081704918383
