model,mae,rmse,r2
LinearRegression,94.82667294259109,232.55625625219005,-0.11544337506582902
RandomForestRegressor,42.15477422942354,156.9003951645766,0.4922621398792758
