model,mae,rmse,r2
LinearRegression,94.82667294259109,232.55625625219005,-0.11544337506582902
RandomForestRegressor,42.154774229423225,156.90039516457648,0.49226213987927636
