model,mae,rmse,r2
LinearRegression,94.82667294259109,232.55625625219005,-0.11544337506582902
RandomForestRegressor,42.15477422942344,156.90039516457654,0.49226213987927603
