model,mae,rmse,r2
LinearRegression,74.6214139543565,211.84451108102027,0.07439454536755608
RandomForestRegressor,25.97972069875268,116.89114163929042,0.7181911198826514
