model,mae,rmse,r2
LinearRegression,94.83151766119526,232.55817162975302,-0.11546174914912499
RandomForestRegressor,42.15477422942294,156.9003951645768,0.49226213987927436
