model,mae,rmse,r2
LinearRegression,94.82667294259109,232.55625625219005,-0.11544337506582902
RandomForestRegressor,42.1547742294235,156.90039516457657,0.4922621398792759
