model,mae,rmse,r2
LinearRegression,74.62141395435663,211.84451108102002,0.07439454536755818
RandomForestRegressor,25.979720698752946,116.89114163929054,0.7181911198826507
