model,mae,rmse,r2
LinearRegression,74.62141395435663,211.84451108102002,0.07439454536755818
RandomForestRegressor,25.97972069875255,116.89114163929024,0.7181911198826523
