feature,importance
num__Sales,0.2120447169993601
num__sales_per_item,0.17781140133983428
num__discounted_sales,0.17195203736197254
num__Discount,0.044511144722737817
cat__City_Lancaster,0.04249220214825229
num__Postal Code,0.038219438246486534
cat__Sub-Category_Machines,0.03592668388572417
num__is_high_discount,0.03559931907027048
num__Quantity,0.031238801849452172
cat__Sub-Category_Copiers,0.02880873031128327
