model,mae,rmse,r2
LinearRegression,94.83151766119526,232.55817162975302,-0.11546174914912499
RandomForestRegressor,42.15477422942309,156.90039516457674,0.4922621398792747
